,Título,Autor,Enlace(s),Fecha
0,Santos crueles,Emily A. Duncan,9844B0D5BC9CABD6F978D1C86E94C2E550F0A024,2021-03-11
1,«Brontosaurus» y la nalga del ministro,Stephen Jay Gould,99F01121D452CEE453B29A7D9C7AE9D3F8B00DE2,2021-03-10
2,Destino: la muerte,Poul Anderson,E8C99B31BDBF21484705341BE62AD814ED6DDD16,2021-03-10
3,Roma vincit!,Simon Scarrow,772233AFEAF183B1A3A1F23B2DDADEFB28B95AC9,2021-03-10
4,Bandas,Orlando Pérez López,1A4CFEB6CA803A37394E44271F87368F2B60EAF1,2021-03-10
5,La novela de mi vida,Leonardo Padura,FBA5AA2C8BF7BDAC1CB157926A85D06241E53458,2021-03-10
6,"Pequeño hombre, ¿y ahora qué?",Hans Fallada,104FCBC489CD7F0B0F23D7C1B4F64336B0AA92A5,2021-03-10
7,Luz perdida,Michael Connelly,24027ED5AE862187A7BDAFF912FD4B5EE810FA4C,2021-03-10
8,Del infierno al paraíso,Sandra Brown,625A18E0B834663B5729157D521691BFDD49EA25,2021-03-10
9,Illska. La maldad,Eiríkur Örn Norðdahl,37A2D44C692101D14F616873B629E8903E87528A,2021-03-10
10,Latidos mortales,Jim Butcher,9380FBDE0657F223418A2D9B2FBD81C3CA9EAE14,2021-03-10
11,Pepita,Vita Sackville-West,A3B72DC1061B843FBC41B577B479E8C00994F414,2021-03-10
12,La herencia del pecado,Emi Negre,08B4538CB6D68438B59125471C2B8A892B62334A,2021-03-10
13,El sitio de Acre 1189-1191,John D. Hosler,2C315D409F1A1E6B80E59568168DDB980FF673CD,2021-03-10
14,Finale,Becca Fitzpatrick,46C544E47B079E07B6EA333CA23C237BA915C086,2021-03-10
15,Novia de pueblo,Debbie Macomber,A4B1CCCBE72A4387CB2C9F9908EEBDBC22353330,2021-03-10
16,Axiomático,Greg Egan,C195A1DF5F63C4FCB038EF1F65D81C596EA199B1,2021-03-10
17,Besos robados,Debbie Macomber,6D7FFCA61729457F339EBA83E81F273AB6BD3628,2021-03-10
18,La bestia dormida,Fredric Brown,DD0CB76C7188324C427FF54E78C71735D70E5A83,2021-03-10
19,La peste roja,Franco Auro,1CF6C5CB93F209B9B7D1ABE13D5200C4AD2B9CE0,2021-03-10
25,Villette,Charlotte Brontë,8554D2D2C05E7E0D8829CD0E2D0FEF261212D461,2021-03-10
26,El caso de la señora Murphy,Fredric Brown,D86306F88EF8D549D40B67FD76DCC73C4C7627AA,2021-03-10
27,Sombras en el paraíso,Erich Maria Remarque,9080FF5C34672E43CE0E2AC3387BA71782DCA703,2021-03-10
28,Disparen sobre Errol Flynn,Stuart M. Kaminsky,8EFA2205103529F2C50A4B7B8ED390E4750B16E3,2021-03-10
29,Sabotaje,Arturo Pérez-Reverte,9BD0DE4BBD4C50CE9AE4FBE416F3DAF4BFF33B44,2021-03-10
30,Medidas extremas,Michael Palmer,4BBB043E9E659E60456BAE42DDD6567F78339725,2021-03-10
31,Esquizofrenia,Fredric Brown,469595263503F33336756860C33FAE3EAA28CBFA,2021-03-10
32,El enterrador de muñecas,Petra Hammesfahr,7D096607055F46F422328CF854FE5849FFD0ED0E,2021-03-10
33,Cinco asesinos,Raymond Chandler,11C0FD966639C5BA8076EB7DEBDE8553B8D9E68B,2021-03-10
34,Amanecer de hierro,Charles Stross,8B7E7A7A12012F73EAD12574659C36327CC329F1,2021-03-10
35,Escrito en el cuerpo,Jeanette Winterson,418DE8F7BF0C9A2BA47EEE90A3AE552D4DCA87E8,2021-03-09
36,La isla de las tormentas,Ken Follett,8F77D617F1CF690E1B84679ECF92B6341767C5E8,2021-03-09
37,El hombre que cambió su casa por un tulipán,Fernando Trías de Bes,1300F8773E25E426AF498BED026EE43AE2E01FED,2021-03-09
38,Cuentos,Ernest Hemingway,A6F5A66A3F77FBEF650EDE8596B583A562BBBF49,2021-03-09
39,La dama de Riverton,Kristi Ann Hunter,C04A0F0756F0CD875CFC9414F55781407CDD746E,2021-03-09
40,Cortejo en Mount Street,Kristi Ann Hunter,34560CB5A0CA3503FF7124C4B2071912AF3D8D23,2021-03-09
41,La dama de Hawthorne,Kristi Ann Hunter,2CE29DF95CD70BC2B0C8A44E927A1269D529AD65,2021-03-09
42,Querida Amelia,Kristi Ann Hunter,FD1BD36E5E3739C6FAB763A9A216EDC31899F346,2021-03-09
43,El sueño del neandertal,Clive Finlayson,364DB5D766E9DC5900662F52E0A9E0E3E3B4160E,2021-03-09
44,La vida de las abejas,Maurice Maeterlinck,E9AE592266B7C2A89888AAE7A867DB4D7E303203,2021-03-09
45,48 Horas para un destino,Emi Negre,7C9C7121ACF4D13472D50A1B55B0B8265CBF7D52,2021-03-09
46,Cuentos de Terramar,Ursula K. Le Guin,95941581B464E7B27863C8464CDE98E14732981B,2021-03-09
47,Tehanu,Ursula K. Le Guin,1C2171090677E6B46E7EC0D0053D0418EA04D995,2021-03-09
48,La costa más lejana,Ursula K. Le Guin,2995B7AF7F507B80FDA6581A82ABC12D1A8031DC,2021-03-09
49,Las tumbas de Atuan,Ursula K. Le Guin,09DD772ABB2729BB807C879790F9451D2F8AD06A,2021-03-09
50,Un mago de Terramar,Ursula K. Le Guin,76FF7A1AB69B365BFFF9F45DE6FE8774E41ECED2,2021-03-09
51,Scar Tissue,Anthony Kiedis & Larry Sloman,E66E61533C98743BD76361CCA2B34FEB5FA3FB2D,2021-03-09
52,Columna de fuego,Ray Bradbury,6B868683FEA41BDD6592EA60520BC85324383A43,2021-03-09
53,Nubes de otoño,Debbie Macomber,9A914F6752EF76BB1C50C4546E9B74EC02174464,2021-03-09
54,La mejor elección,Debbie Macomber,E909B76590C876E597DF9693F825BD1C0B19681F,2021-03-09
55,La esperanza de la Navidad,Debbie Macomber,4FFD25E641340A20B69D8984575E070E8A349892,2021-03-09
56,Cambio de estación,Debbie Macomber,E31926FD59D72E33D28ED19F906E8BB572E4C9F4,2021-03-09
57,Sombras en casa de Teresa,Salvador Acaso Deltell,4A0E2FB60CCA8C19D5E792173278CAD16A832D28,2021-03-09
58,Tratamiento criminal,Michael Palmer,8966A606488B419DE6B5DECC776426EECEC74056,2021-03-09
59,Objetivo: El rey,Julian Rathbone,367A79EE5E05385F786963E1DAA3716488DC6840,2021-03-09
60,Epidemiocracia,Javier Padilla Bernáldez & Pedro Gullón,0BFE01504837D1DC13908C33D6331E1436821138,2021-03-08
63,El infinito en un junco,Irene Vallejo,DADF49E236D5DBA4E2545A625A1EAA1F43044A58,2021-03-08
64,Los asesinos,Fredric Brown,BF2168A2F57E8B38C7F434DC3589E063D682B344,2021-03-08
65,Los sandwiches bailarines,Fredric Brown,CF70EF1D21F51AC87CDED7EF6A922971CA3D3A51,2021-03-08
66,400 pequeñas dosis de ciencia,AA. VV.,FDAB03FCB70358A776A17163D4F54BD3D784F7D4,2021-03-08
67,La memoria de Shakespeare,Jorge Luis Borges,FE033FC1925A8C1EF9B789BB3196A7664D71DF76,2021-03-08
68,Tierra del fuego,Francisco Coloane,2645E12BAC6CE271D900F4D28FC1C69B7541A4D6,2021-03-08
69,Bullying. Secuelas del pasado,Emi Negre,8694A2BD7BC2D5967768777FD5966BD24B6AEDA6,2021-03-08
70,¡No lo mates… enséñale!,Karen Pryor,73F3C6EE897E401FD50605FE794B2C0CBFCFE70D,2021-03-08
71,La isla de las tres naranjas,Jaume Fuster,8EE8B007C01AF837C89DC65B7B9B35157B913A1B,2021-03-08
72,El anillo de hierro,Jaume Fuster,9CF99C1D75443B11F82E5FDE7CF226F3049CEDCD,2021-03-08
73,No callaré para siempre,Vega Manhattan,44F1EFFC3C98C46465B9C0EE33888DB4179D69FE,2021-03-08
74,El misterio de Ángel Tocado,Javier Fuentes Ramírez,EF30E6A60EC5CD27EF906901C3A00F1D419DFD72,2021-03-08
75,Por un beso,Julia Quinn,4214A48C977B1DE8B41AD8D2BBE73E8BBB6FBD38,2021-03-08
76,¡Manos arriba!,Ruth M. Lerga,BA3D6965528AE90B1280D709C89441C376200B91,2021-03-08
82,La elección del asesino,Wade Miller,BDC4894E235077CCED8B8B1A07AFE0F6D2DADFA8,2021-03-08
83,Estilo indirecto,Manuel Quinto,408AE51CD8CE81C2BDEFA6D049B496191006F306,2021-03-08
84,Del asesinato considerado como una de las bellas artes,Thomas de Quincey,1DBF65E446F146281C897EF775659A917D876A9F,2021-03-08
85,La balada de Beta-2,Samuel R. Delany,7E1CF6CE9BB1AE8A1E31D8CDB7A6C2E2910C4265,2021-03-08
86,El zorro,Frederick Forsyth,4C9F8983E1BFC7AA2B078C665D30C0B3D7556241,2021-03-08
87,Cuarteto de Lima,Fernando Ampuero,OJOOXLCRUSWP22HEYFDMVWAIBBIGCKXS,2021-03-08
88,El descontento político,Edmund Burke,B48721DDFA7B749946A2F74058F0735E2D2C428B,2021-03-08
89,Saludos al jefe,Ed McBain,F867BEE9218BAEFB259905C4C5AB2CD42B36FC62,2021-03-08
90,No quiero hablar de Bolivia,David C. Hall,41088312A5F4FFB7428B95E4B23029C7C37CDDE7,2021-03-08
91,El resucitador,James McGee,F3D5705E8DBACA21792CCFD21FE56FB133A798A1,2021-03-08
92,Insólita solución,Corín Tellado,1D771357B299B71B3BF6C01E37DDDB391D901266,2021-03-08
93,Ignoraba que fuese casado,Corín Tellado,461259B0CC2509FC006CFC6DF4737D67BBCC4A84,2021-03-08
94,El concepto de la vida,Corín Tellado,CED9848367468C6C79201827B2FED5F2CE75D0D6,2021-03-08
95,Deliciosa mentira,Corín Tellado,957D3C94BB4F5AF12D104ACD151904C42F2CDA77,2021-03-08
96,Deja paso al cariño,Corín Tellado,6A96829762F182B087AB7D52683531F6487B8848,2021-03-08
97,Libro de Manuel,Julio Cortázar,68CC3F70F40F7B24486AA4337100F4E623C17F7D,2021-03-08
98,La venganza de Juan Planchard,Jonathan Jakubowicz,EDA19A848B06A437E2D7D4088AC4E904027A3ECF,2021-03-08
99,Cara cortada,Armitage Trail,E87807FAC7D33B3213FF09D6AFFAC8D963F70B53,2021-03-08
100,La trampa fabulosa,Fredric Brown,0D179BF5497D9CD366A63B6A9B3F70F9D52D0E1A,2021-03-08
101,"Quéreas y Calírroe, Efesíacas, Fragmentos novelescos",Caritón de Afrodisias & Jenofonte de Éfeso,9DE72EA8053865A8BCFC398A41791F65101F80CC,2021-03-07
102,La celda de la muerte,Edgar Wallace,E7AD5CFB6602F39D52EAD0CE10C26584FF6446CB,2021-03-07
103,Canción de Navidad en prosa y otros cuentos navideños,Charles Dickens,6AB7B166B30A919A6E8DE09E636A74CB92C54A99,2021-03-07
104,Azincourt,Bernard Cornwell,65658793A04475E6F101FF6E5E6761DBDACE8BC0,2021-03-07
105,El mensaje que llegó en una botella,Jussi Adler-Olsen,54922C019804C892870A109786A31E23D0693045,2021-03-07
106,El mundo de Hielo y Fuego,"George R. R. Martin & Elio M. García, Jr. & Linda Antonsson",645B7E82F69CCC5859160ECF8987FDD1FEFD8A93,2021-03-07
107,Medio ambiente y salud,Carmen Valls-Llobet,54C1753FA59BFB921FBA42D5F3CAB1B35F3F3976,2021-03-07
109,Encuentros con libros,Stefan Zweig,FECC0535AAC1E5901BEC3D48B6A0351514577F7D,2021-03-07
110,Los tónicos de la voluntad,Santiago Ramón y Cajal,5BF45690376AD3B5FAC797AD08AF3F4C8BEA6221,2021-03-07
111,El libro de los Reyes,Hakim-abdul-qasim Firdusi,E23D8E33BA099807C4406088365C262BB4B4D882,2021-03-07
117,Muerte plácida,Charlaine Harris,3A54B1493AFFF0A0BD82E21E7E02C6C664F91402,2021-03-07
118,Siega,Neal Shusterman,2E3272B206465BCC2AC385917BDB32B87D31EE65,2021-03-07
119,La noche de los borrachos,AA. VV.,C34BEEEB9B2C761E6647454EA62B46DC310D04BA,2021-03-07
120,Meseta negra,Zane Grey,EEC6F3F075AA82F044CCE8C302A5AEA1BFF8B95B,2021-03-07
121,Zhuang Zi,Zhuang Zi,6215434E3FF38040356E1E0881E1598C0D9F0CC7,2021-03-07
122,El legado de Judas,Francesc Miralles & Joan Bruna,0336FC5DFF74825B4450AC19EE1E59D1FDCE1463,2021-03-07
123,Soledad,Anthony Storr,EB96920A749A67D72E3760FA07BFD572322677CF,2021-03-07
124,Un hombre muerto,Ngaio Marsh,45E45D9E814F8C4E9F025184EFE0B046E0B308BB,2021-03-07
125,El mandril de Madame Blavatsky,Peter Washington,20B4116ED55140F07A655935B113F3DA55CA2BCD,2021-03-07
126,Curiosidades del planeta Tierra,Leonardo Moledo,D581739AD7117F76F562DEA4DF0A5D0F0217E506,2021-03-07
127,Una arruga en el tiempo,Madeleine L’Engle,EA3AAE1876DB1ABBE6E994918DA9CD48214500BE,2021-03-07
128,Nueva Dimensión 21,AA. VV. & Miles J. Breuer & Tom Digby & Gilbert Michel & J. A. Best & Albert Teichner & Fereydoun Hoveyda & Arthur Sellings & Luis Eduardo Aute & Theodore Sturgeon,09D06BEBBAAC1C7E1A0965B97F0AFE785DC53932,2021-03-07
129,Nueva Dimensión 20,AA. VV. & Alfred Coppel & Amelia Reynolds Long & Edmond Hamilton & Robert A. Heinlein & Philip K. Dick & Arthur C. Clarke,53158B06C032E48897C23D4AC93A95E39AF3AC0B,2021-03-07
130,Nueva Dimensión 19,AA. VV. & James Thurber & Francisco García Pavón & Jack London & Iván Efrémov & Robert Sheckley & Harlan Ellison & Poul Anderson & Brian W. Aldiss & Cyril M. Kornbluth & Robert Silverberg,5DAFB4991E7864AF7916E62AE00D94F84D85B6FF,2021-03-07
131,La avería,Friedrich Dürrenmatt,EBE547BD5D9B2E87758F4EC34520A2254C138019,2021-03-06
132,El trueno entre las hojas,Augusto Roa Bastos,8CFA263334334C28D70D780F0038CFC1A8EB7394,2021-03-06
133,Casta luna electrónica,Angélica Gorodischer,3EE57280CCE6A0852586018955487B07B640E545,2021-03-06
134,La sombra del torturador,Gene Wolfe,C599129EFAE235C2B8E477174331057D5138E66D,2021-03-06
135,Así vuela el cuervo,Ann-Marie MacDonald,E480AA50C8D7E148B7FC1B824249945DE2D628ED,2021-03-06
136,Lamento lo ocurrido,Richard Ford,4A4AF36378C688FF5EB9CC8D70EB990B395B4EAB,2021-03-06
137,El genio del idioma,Álex Grijelmo,2B1B051275EB2F2A699EBFFF932F6FB6F1AD24EE,2021-03-06
138,Castillos de cartón,Almudena Grandes,3C92CE84937F72E8B0D623C21433C3725930462C,2021-03-06
139,Memorias de Leticia Valle,Rosa Chacel,4B0C5E0B421B599DDF403C48813D7BBE0D64A865,2021-03-06
140,El hombre que confundió a su mujer con un sombrero,Oliver Sacks,86C88F55BEA1F5E24EAABB688070F37929BBABD8,2021-03-06
141,Memorias de una joven católica,Mary McCarthy,976C0C2343AC0B210BFC0D0DC6906E49EC6BE9A6,2021-03-06
142,La Mesta,AA. VV.,283CD45DF15D89B5A5F222BF8D5A95B3C4B9B6A9,2021-03-06
148,El reino de la Bella Durmiente,Anne Rice,DB542C51BEC68F0BA76E286EBAF832685988C9B1,2021-03-06
149,La maldición de Thot,Michael Peinkofer,67F5A204A8F214A393A63333B4CC234857835272,2021-03-06
150,El Regalo de los Dioses,Alan Somoza,69366706E73E127860EB129747E4115E53A3CA31,2021-03-06
151,Cenizas de rencor,Elizabeth George,895198BF1DEE6F2DB1ED7696E4E8C43FEBE25DC0,2021-03-06
152,"Tú ganas, Jack",Elmore Leonard,C110819CF12BEA76BAC441B442C1BF232B7262A9,2021-03-06
153,Una vez desaparecido,Blake Pierce,4C025E682FDF1E6DF23417CE8A09C9CF40320F59,2021-03-06
154,Una vez tomado,Blake Pierce,338AE22862AFF2776743A010FBD63FF9CEA6B630,2021-03-06
155,Pesadillas,P. D. Martin,E222C796EB136B56EB512F217948CB05CF364DE7,2021-03-06
157,Tarántula (trad. Lourdes Pérez González),Thierry Jonquet,7AF9B34A7337403CA800204531A834FD66CFCBC9,2021-03-05
158,Sexual Personae,Camille Paglia,86B759C8327C24DE96D62F6D4A0852DC4F5E6850,2021-03-05
159,Las reglas del contagio,Adam Kucharski,0819CF26C3C05E045DB00F8C908D81C23A8BF8D4,2021-03-05
160,Las primas,Aurora Venturini,8999D21552063F0FAF2EFCC37B1996725BAD5A32,2021-03-05
161,La ciudad del alma dormida,Félix G. Modroño,A8794C314A4EEA3340718293FF0A769A2B65C9B5,2021-03-05
162,Cerrado en invierno,Jørn Lier Horst,876FAD08E8C802D48A3C0873FFC6B670398FFBE9,2021-03-05
163,La tentación de Tavernake,E. Phillips Oppenheim,E4E45DC35152023F6FF501C85B0FF4B1B1573990,2021-03-05
166,El vendedor de pararrayos,Herman Melville,942AA377BA35711CE11AF88F1BCF979A7758DB16,2021-03-05
167,Una dama en peligro,Fredric Brown,E73EDFC0E021EF4E6D2C19E59F365F6B382F9929,2021-03-05
168,Todos matamos a la abuelita,Fredric Brown,DA7E85E4A12F0DD112EC65A9B3C82C4CBE0F66D5,2021-03-05
169,Vendaval de tinieblas,Tony Hillerman,CC50482711447276CD623107389087ECF8F4FF33,2021-03-05
173,¿Qué pasó con April Robin?,Craig Rice & Ed McBain,556C9853EF4C4F33FE261DC0A808C91B417CD8BE,2021-03-05
174,Yibuti,Elmore Leonard,6B7B3E302227E9D2B704B71558C8818ED41A2FF0,2021-03-05
176,Manuscrito ms 408,Thierry Maugenest,669F93E20B822F0F081596335102A0955616ADAD,2021-03-05
177,Atadura y pasión,Corín Tellado,CD229D3FEB7A1D22F08775B040772F0FE3052AA7,2021-03-05
178,Así no le retengo,Corín Tellado,E7A11479185D3417B29DEADAABB5E354F1C5132E,2021-03-05
179,Amor y odio,Corín Tellado,2568727CA860D09751008F4A62FA73B541DD4850,2021-03-05
180,Ven a mi lado,Corín Tellado,DDD43EA2877047E31BCACEE73B9A7F7612310070,2021-03-05
181,Un hombre inquietante,Corín Tellado,0E476B477CD9A46D7790746D89DE772CCD214B6F,2021-03-05
182,Del amor y otras pandemias,Myriam M. Lejardi,9C67A1E630DA325C3B43B68AFABE393BF934EA5D,2021-03-05
183,Fichte. El absoluto y la libertad,Guido Frilli,BA2B66E68F1B31E81429529C53DFCAEEA7DB6B79,2021-03-04
184,"Escoto. El pensamiento de la unidad entre Dios, hombre y cosmos",Ernesto Sergio Mainoldi,037BEA35776083AC497616B859916F7085BC3374,2021-03-04
185,Peyton Place,Grace Metalious,4A3796006C453832625629A55035C7B6019ECB0D,2021-03-04
186,"Socialismo, cálculo económico y función empresarial",Jesús Huerta de Soto,9869ACBEB0AD630733DB4AD06AAB1EE0C551662B,2021-03-04
187,El extraño caso del doctor Jekyll y el señor Hyde,Robert Louis Stevenson,9FB4F7BA429306FDE8C82F1F66F7055DB334CF51,2021-03-04
188,Nuevos estudios de economía política,Jesús Huerta de Soto,6ABEF73217329829A0525BC36D320CBED43A310C,2021-03-04
189,Cuentos completos,Benito Pérez Galdós,F6F17326FA34DCA5A489B3894704BF7F227C33CB,2021-03-04
190,Reflexiones sobre la Revolución Francesa,Edmund Burke,53BD2CFBCA00C6E5AF3FD3F6C6F3DF2F50D6205B,2021-03-04
191,Tuyo es el mañana,Pablo Martín Sánchez,4MMLNPZ43VOUGWYIIZ7YDEQXWCVNY5SC,2021-03-04
192,Terra Alta,Javier Cercas,44AF6C6E53DF666D77CD4C9C5D0045646ADF320A,2021-03-04
193,Factor Fala,Stuart M. Kaminsky,9C252E9C8716F19499E2A284D6AA89A732CFDEE0,2021-03-04
194,El libro negro de la justicia chilena,Alejandra Matus,35B175F94759F328AD783D926805AD758C6DB7DF,2021-03-03
195,No digas nada,Patrick Radden Keefe,9349845FC6E9D613135DBA298EFB00CEFD27735C,2021-03-03
196,Los secretos de Sir Richard Kenworthy,Julia Quinn,5ADA10107DB264E3CFDF49AE3A85A34029D12FC8,2021-03-03
197,La suma de todos los besos,Julia Quinn,56350A09B9FB30C7C137893BD843A8E22E58B51C,2021-03-03
198,Una noche inolvidable,Julia Quinn,B205CB89999EE7AC1A7D01587416501E7C18A18F,2021-03-03
199,Un romance adorable,Julia Quinn,540539A624E3D35B1B0CD9EA288DC6E49E3401A7,2021-03-03
200,Hiroshima,Maxime Tondeur,2C52FDB04021C000DBB147D4A265A6CB100D7ABF,2021-03-03
205,De cuerpo presente,Julian Rathbone,2667BEF8D5C578E0C4E887960B1E80C221B47409,2021-03-03
206,La sangre del escorpión,Massimo Marcotullio,35B1CB85025EC0B78A59CD61128E8A051760515C,2021-03-03
207,Tus pecados me apasionan,Corín Tellado,00E8CD82CED9FE6C7A83CC20387BDF05FEEAA798,2021-03-03
208,Tú no puedes darme la felicidad,Corín Tellado,51E0AFE22EF9C3C30FE83E9F67D29D5655421B52,2021-03-03
209,Tu hijo es mío,Corín Tellado,517AC8F76C2652ABCE4D8D7B944959918FE8C852,2021-03-03
210,Tengo que prostituirme,Corín Tellado,539A54B1897E0095B956E6D546A0156ED9549988,2021-03-03
211,Si esperas por mí,Corín Tellado,FAA333B311FB43486AD306666E50BA919074044C,2021-03-03
212,Su nombre era muerte,Fredric Brown,F9F8C2295BC6FCA80B57113751846841425FB856,2021-03-03
213,La hermana de Robert,Petra Hammesfahr,579969D0EB902EAB68CF3EAF2583B9AC502E8712,2021-03-03
214,Fuego en la carne,David Goodis,0C2F1E302578DE69BF556DD6A9701B9891851B88,2021-03-02
215,Laberinto,Eduardo Antonio Parra,9D10B1D36D4B9AEC6FE4F4206D81A013FC4D5E8F,2021-03-02
216,La caza,Tony Hillerman,11AE8D75131D81A9E0200387B0B20CA9191BDF46,2021-03-02
217,Doblan por los mastines,Steven Erikson,A1C1AF0D5DDDBA60A12C155207B71FC107C26F75,2021-03-02
218,A la deriva en el mar de las Lluvias y otros relatos,AA. VV. & Ian Sales & Will McIntosh & Rachel Swirsky & Mike Resnik & Mary Robinette Kowal & Carrie Vaughn & Ken Liu & Ted Chiang,DBF66895F1198A6AED9350AE03690BAC0F121CF0,2021-03-02
219,La fuente de oro,Juan Pedro Cosano,HFSUI7JXULOUNIXYDRJ5BN4D7VN6WYLB,2021-03-02
220,Golpes,Pere Cervantes,OU5YBLTN2K24JSK3NWFDKGWAVI5K3CSK,2021-03-02
221,Los diarios de Berlín (1940-1945),Marie Vassiltchikov,976736EF904C61EC28D6A2FBF0282D263801209E,2021-03-02
222,"Tiempo para amar, tiempo para morir",Erich Maria Remarque,C247935EBCE3BEC64C07DE86AB279919DDEFE60B,2021-03-02
223,"La libertad, ¿para qué?",Georges Bernanos,C8614DBC96C5BA0B1DA3B1FFDAC68166E43BEF5D,2021-03-02
224,Sobre mi cadáver (ilustrado),Rex Stout & Rex Beach,853E1FE6644DABD9F5C19D071C4DFC3D659C50EA,2021-03-02
225,Sangre y hielo,Robert Masello,499473190B4796CAA98E5F3146BBCBB1A10D219F,2021-03-02
226,La muerte de un lago,Arthur Upfield,42BA2B188A5DFD7292CB55F499F9880852B41BB5,2021-03-02
227,Menaechmi - Pseudolus - Mercator - Mostellaria,Tito Maccio Plauto,6A0CEE63E480F804D63D2D8B3B74B725F0AD20D1,2021-03-01
228,Asinaria - Aulularia - Miles Gloriosus,Tito Maccio Plauto,A51A36D1F0E566D8CDCE9555BB979AE020AAF2D8,2021-03-01
229,El juramento de Tortosa,Verónica Martínez Amat,C4BFBFC1E60578A9E1015B184630F457CF4AC1C9,2021-03-01
230,La extraordinaria vida de Sam,Robert Dugoni,1832EBE5E732F41C91E91CA6CD7DA278EEF3810A,2021-03-01
231,El saqueo de Roma,Pedro Santamaría,5B4BE0F8B03567D5D5B4A7F2422DDC072C7F80EF,2021-03-01
232,La casa de las almas,Arthur Machen,1A4AFE1E611910FE6857E448D9A0CDFF16E44BD1,2021-03-01
233,El Frente Humano,Ken MacLeod,FC23D23ED6EDE8B25E2AC49201A2B9F615E3972D,2021-03-01
234,Baba Yagá puso un huevo,Dubravka Ugrešić,DC530B1B2E6E2EE3356E62A49800808E1ABBEEFB,2021-03-01
235,A de adulterio,Sue Grafton,28C13FBC3CB5040D495A4FF19429355580AB6D92,2021-03-01
236,El ángel sombrío,Mika Waltari,32868C0C2E66564548E6ECF6B0D5FE8DE55FB45C,2021-03-01
237,Bikini,James Patterson & Maxine Paetro,350DFC13B74CBF09B5D44F360D339610137A3D21,2021-03-01
238,Constitución española de 1978 (anotada),Las Cortes (Congreso de los Diputados y Senado),27D2C762D91A2A34CCCE4FA29AB6AFD4ABB3CA5A,2021-03-01
239,Breve historia de los Íberos,Jesús Bermejo Tirado,B61C6DF7B648D1F6D3EA058E10DA5E472584C03B,2021-03-01
240,Año uno,Nora Roberts,CB57345AE599BFE1599606CA09547295EBE22C68,2021-03-01
241,Las montañas de Buda,Javier Moro,B5AB2DAFFB66AA2B4A98CC1F437BE593B863219C,2021-03-01
242,A martillazos,Andreu Martín,6D9434998BDA63A39B751D803F56E4029B1C29F2,2021-03-01
243,El Centinela,Arthur C. Clarke,0A6469458000625EEFDECE74517C66A594903F92,2021-03-01
244,El asesino del canal,Georges Simenon,90767F8DB4CE06B50BCD529BA4143085EBB3B325,2021-03-01
245,La voluntad del «gudari»,Gaizka Fernández Soldevilla,8C5B1C00BCCB9C005C233AD7838DE25F8037CB59,2021-03-01
252,Los mandamientos de Laura,Erika Fiorucci,4F27DF931594C43334F074617E0743DFE8819568,2021-03-01
253,La casa de la Estrella Negra,César García Muñoz,42FCF1E28FF452268E5EC796A5B1644EC1D6851B,2021-03-01
257,El destino de los reinos,Yolanda Corona,E118462C3EBCC0FA1DC8E9E8ECE30B5035ECBB90,2021-03-01
258,El fuego del highlander,Nuria Rivera,09D05A5C69953C04942589BEAB3C55C9D9B3657E,2021-03-01
259,Ámame una noche más,Alexandra Black,28AADF884B4E078BCD8A3F6B6CA92DD5AADE2402,2021-03-01
260,Una vida para encontrarte,Catherine Brook,A16438CFE5264523F6E126A7D3027C522DD27440,2021-03-01
261,El rey del Perú,Juan Pedro Cosano,EA52CE335F11DEF8DBDC5C734D69B9FE620EAB4A,2021-03-01
262,La operadora,Gretchen Berg,A3825699782C26D8DAB6928E64C7F409FF977229,2021-03-01
263,Un amor,Sara Mesa,C91804172A790F1FCCCF23F25F0A6BCC9A595374,2021-03-01
264,Tere… ¡Ponle sal a la vida con un tequila!,Ana E. Guevara,6A068378096B79787D04258036D4C02494946DFA,2021-03-01
265,Liberación,Imogen Kealey,"215A8F86DF3FEF962D1478D244D10CECB2A41F5B, 101F89723C750CF622B00907C0AE3BD24EAC373D",2021-03-01
266,Una promesa de juventud,María Reig,478CF4A6FAE545864D9A25A8DB9C94EE23298FB4,2021-03-01
267,"Canciones, Amor & Manhattan",Cristina Prada,3E5A537D536CDBF79D2611C92407CBB3585BFDC2,2021-03-01
268,Las alas de Sophie,Alice Kellen,5201A7A8C19C974C9D4CC13FB0FF674635F22269,2021-03-01
269,Fin de temporada,Ignacio Martínez de Pisón,6QPVAFBHLMF55FUHLWYLLL2GQAKW24HH,2021-03-01
270,La mejor actuación es el amor,Silvia García Ruiz,8355D568B970CB8217047783E9E1F8FCDD852176,2021-03-01
271,Todo lo que te oculto de mí,Bethany Bells,B938583896F652C10CF9F210B522AFBD1E62FEFB,2021-03-01
272,Palabra de judío,Martí Gironell,53A5C775B557C51F4956BAD9672D6785B1ED069E,2021-03-01
273,Zenobia,J. R. Plana,93C3A090C412F5808EE79365B2A016AC3B84E6B4,2021-03-01
274,La buena suerte,Rosa Montero,AE8E6A7A1B3CF52EE9DD61762F6EB7DCDB3359BB,2021-03-01
275,El espejo de nuestras penas,Pierre Lemaitre,A6BB66782672E0CE1FCF136205464CCD46E462A6,2021-03-01
276,El espejo de las almas,Mario Escobar,6355FF07C39AD94A0E13C36D7AEB46B9E237D368,2021-03-01
277,El bosque de los cuatro vientos,María Oruña,A50514A0508097B5724FDB1067664CF7B5D09242,2021-03-01
278,La confesión de lady Chatterley,Elaine Feinstein,D77A8B64DEEB54759E19F2EC9B673E76EA6591AF,2021-02-28
279,El mal menor,C. E. Feiling,D3D82BD43C14F296C808801B51D29F1D3341DEF7,2021-02-28
280,Cuentos de Canterbury,Geoffrey Chaucer,7DC60C4CC4D5D914DC1D549406727111AF89F0EB,2021-02-28
281,Como una extraña,Rachel Abbott,45E0E3BF7DC21778CF60DAED7AC8832ED2AE4D96,2021-02-28
282,Lo estás deseando,Kristen Roupenian,6903810075323C5F9C52F53DDE8AC48FAF57DC51,2021-02-28
283,Pietr el Letón (Ed. J. R. Monreal),Georges Simenon,DEE03851212F737D0576EBE5F796F5F7489B3B64,2021-02-28
284,El mito de la transición pacífica,Sophie Baby,27DF999D2D7E747BCD502B579A0374516ABAD21B,2021-02-28
285,Comprometida,Elizabeth Gilbert,9D6223AB639A058A199881F7102E9307A493CE3F,2021-02-28
289,Batir de alas,Paul Hoffman,C5C4DFADCFF79A5C7500EBC314A9516662BF226B,2021-02-28
290,Mundo escrito y mundo no escrito,Italo Calvino,35A6A3F330C0D69CA11AEC18BDBCF463FEC5484E,2021-02-28
291,La comunicación no verbal,Flora Davis,3DD4CDDB57B122765FD14D2782C4FFCCECA7A10B,2021-02-28
292,"Yo, Anna",Elsa Lewin,105484D3D68FA4D406C55B0BFBE81DEC95D6B674,2021-02-28
293,Sensibilízame tú,Corín Tellado,29804875E853DFB4ADC595F0C4453A560EF826CA,2021-02-28
294,Sabía que me dejarías,Corín Tellado,965D33F6312E7FC5EA00821B8ABE9D2C61141D48,2021-02-28
295,Respeta mi vida,Corín Tellado,D7BD8FBBF27A33747CA9BC468042EEA03A1E5FB3,2021-02-28
296,Piensa que estoy a tu lado,Corín Tellado,628B360BED13E8BF1388464CFC5D5F849B8F5082,2021-02-28
297,Pat está en peligro,Corín Tellado,8D8D260A667A8E209A9B8D32949B1702B0491085,2021-02-28
298,Alí Primera. Biografía documentada y testimonial,José Millet,D024B508808AF9A91E43702FA45343E87CD5347C,2021-02-27
299,Casos de archivo,Bill Pronzini,45D4F8DDC5B7661BDE4B42728E9E91C599138C0E,2021-02-27
300,Destejiendo el arco iris,Richard Dawkins,0FE3CF4F6DD70FB773215503A9C9513028E65057,2021-02-27
301,Henry y June,Anaïs Nin,E6E0F32B5A57BC685F17AFB43EB778798C1BD275,2021-02-27
302,El círculo escarlata,César Mallorquí,24406D515351A9DEA3BFCF839DCA223065837FF2,2021-02-27
303,Un fuego sobre el abismo,Vernor Vinge,0DBC62BA13AB308073F8359029CE1BFEAFA9FD24,2021-02-27
304,Las zarinas: poderosas y depravadas,Henri Troyat,B6445D3CADE82E1B981D866887303A8454A583ED,2021-02-27
305,En pos del Milenio,Norman Cohn,2A93B6A4583530B34CD152747CE28F5478B5C33C,2021-02-27
306,Penumbria 16,AA. VV.,346AB2C2A6EC2A4B2E515BE1B7E93EFFFB413279,2021-02-27
307,Penumbria 17,AA. VV.,049AA8E444E5DF6C72CB49DA599DB653C8D32F4D,2021-02-27
308,Penumbria 18,AA. VV.,6A20B3D3B5446E5EF8BD88250DF218DC308CF3C4,2021-02-27
309,Hollywood y LeVine,Andrew Bergman,FC954A3489E63CF9E5F37C26F778BF2083EC49DB,2021-02-27
312,Las Garras del Hacedor,Alan Somoza,FC29484A3EA1F7DACBE1C2B35B79B6C6629CE6B2,2021-02-27
313,El revés de la trama,Graham Greene,5BFCFEE613466FE4FAD420283D0A8C607E6B5418,2021-02-27
314,Las doradas manzanas del sol,Ray Bradbury,B2798E09587C51953C14444820234187F381338E,2021-02-27
315,La redención del tiempo,Baoshu,5493104E91D4218B8E320884A97F98FDDF1C939F,2021-02-26
316,Chulapos mambo,Juan Carlos Méndez Guédez,B840A9D1E40F631D37C8ED9D26267014B922B289,2021-02-26
317,Sombra infernal,Raúl Garbantes,F835B621EB06737A2A360BC4EDB19BA474668FDA,2021-02-26
318,Golpe de muerte,Raúl Garbantes,7FCA0677550257AC484997C5EC387FE4F9C16C17,2021-02-26
319,Antes de que mate,Blake Pierce,714C7E7C191448EF6581884D399D818C30B119A1,2021-02-26
320,Hoy es Halloween,Israel Moreno,E510B8494A86EF315E4EBF0769477219A7DE2215,2021-02-26
321,Te llevaré a un lugar donde todo es posible,Laurent Gounelle,58AFAF05953C97DD7318F3DEABCECFEB5AA290E3,2021-02-26
322,Hollywood Babilonia,Kenneth Anger,9574226A1DB8B2C1FFCD09F951A79D65EAB043F4,2021-02-26
323,Cosa fácil,Paco Ignacio Taibo II,A9F24E6872F42BE15A2A17AB8A56608468505A85,2021-02-26
324,El tejido del cosmos,Brian Greene,3812ABB983816A3D397207189D4D4EE28CBC0260,2021-02-26
325,¿Qué pasó en Alcácer?,Juan Ignacio Blanco,E7C6D16DE93BEC8F23584F7751D8BC9D9525D6BE,2021-02-26
326,La soberbia juventud,Pablo Simonetti,F7AOEMS6S3J2AANW3P6PNTW7RJL65YUW,2021-02-26
327,Analectas,Confucio,3624F2ADBC30DBA6E59DFF79D4CC288E751A6983,2021-02-26
328,Las siete muertes de Evelyn Hardcastle,Stuart Turton,A6E2023FACF22EF42428DEF983B86704FBEAF0B0,2021-02-26
329,Los alcohólicos,Jim Thompson,8CD3119D01FAA4C826B1430B676D8D98E1A9AD77,2021-02-26
330,Asesinatos archivados,Didier Daeninckx,39F1B15DDD1CB7F5585FFE367D0A1395090AB1E4,2021-02-26
333,No me iré sin decirte adónde voy,Laurent Gounelle,67627E26AE536EE23C61941A6DD4F3DBD6876F26,2021-02-26
337,Cartas que siempre esperé,Maria de la Pau Janer,37E95423C4ED8A793912EFBA8A442DD541020CB1,2021-02-26
338,Un millón de pequeñas cosas,Susan Mallery,5593CC9482E53D0E1136883B420276926C84430A,2021-02-26
339,La otra verdad,Alda Merini,B32C2EA20E02E06A31AAE9522CC734AF2D6C36A6,2021-02-26
340,Saluda al asesino,Jay Bennett,D9B573D1BDC5587109261D6F8A28A3055C36DCD4,2021-02-26
341,Las viudas negras,Jonathon King,D9D28FD9E3DD23A3216A1557CF86F3F639C43D88,2021-02-26
342,El rostro de la batalla,John Keegan,EE64D1490C524C071A5F283F1143F29756F68950,2021-02-26
343,Los marginados,Alejandro Arnaldos,C443926A3A5B9BDA20F75ED79650FE18E3EB51EC,2021-02-26
344,Mercado nocturno,Barry Eisler,235AB8F09BB7C4DE5584ECED2A7381CD1FDFC2AE,2021-02-26
345,El método Grönholm,Jordi Galceran,E7A5C2E5BA0F847A3D2E06D22F1117C9912FF0D4,2021-02-25
346,El oasis,Mary McCarthy,C5D88E8A38DE7957F4EAC14F134F74B2309F766B,2021-02-25
347,Atajo al paraíso,Teresa Solana,15AA93F041C27EDE7D66F65A3E4838D882DCE09C,2021-02-25
348,Esclavos del honor,Raúl Borrás San León,D4CBF88B82E2A957D62D57B9FAAE2C1D679022BE,2021-02-25
349,Historias de familia,Vita Sackville-West,5128B2ADDE2CF068AB9FC407524E4CB79B91D08F,2021-02-25
350,Lazos de amistad,Susan Mallery,B8A338909589992864308F5525AAF61698BF558B,2021-02-25
351,Hermanas como nosotras,Susan Mallery,0BE28FACE62E6946C24067714335CFE1A99C22CE,2021-02-25
352,Las chicas de la bahía,Susan Mallery,BBCC2069B1BF98E1451C3036BEBB505E37C3979D,2021-02-25
353,El arte de la paz,Morihei Ueshiba,A58EFF0189111C702A9ABDE73693900E4407A041,2021-02-25
354,La tinta que nos une,Paula Gallego,8E06027A997963738483B68ABBA19E423D73E35C,2021-02-25
355,Leucipo y Demócrito. Los primeros atomistas,Claudia Milani,C62A3B2B0292367C4713CD7964D2DCFF6557EFB0,2021-02-25
356,Bacon. Saber es poder,Maria Regina Brioschi,7B3C92ECF27D8E518995831D1F339DC0A832D3F7,2021-02-25
357,La villa de los cipreses negros,Frances Crane,049D002912604F81FA0FFB11A61286815FEB300A,2021-02-25
358,El filo azul de la medianoche,Jonathon King,EE6C11FBE72BDFC68B22D7C8EE855C6B361B7EFA,2021-02-25
359,Olvido,Peter Abrahams,11CC0C1AEAFA454F32C00C7CC539CC41189FAD3E,2021-02-25
360,Obseso sexual,Corín Tellado,562F7BFBB2BE46A3AD9835814B19E12499DD153D,2021-02-25
361,Nunca renunciaré,Corín Tellado,090FD1A1EF7583CB3B2AB3C47AB1D9F9286BDE58,2021-02-25
362,No te quiere,Corín Tellado,D87605EF1F01F256662833457E79C1E50587D00C,2021-02-25
363,No me ofendas pagándome,Corín Tellado,921133301880EC2B24E820BE3F0EB453787125BA,2021-02-25
364,No me ocultes tus penas,Corín Tellado,3D194801A2FF22D7449480084379FAFEA190CA41,2021-02-25
365,Volver al redil,Jean-Patrick Manchette,D90CDE85FAEB50D1020768D1906F9F14ACEA64FC,2021-02-25
366,Un campeon desparejo,Adolfo Bioy Casares,3C1B8E0E2581F60883196739E6C12C8DB1E72D34,2021-02-25
369,Las siete cuerdas de la lira,Alberto Masferrer,1B3D0412E47B176A31669F1D32703AA4D25A7184,2021-02-24
370,Las lágrimas de Eros,Georges Bataille,44000566AED18B928733986D972AB395E1DA0718,2021-02-24
371,En la boca del dragón,Ken Follett,3BE5283F3AD1FDF64CF25B21E1A785E63063FBC8,2021-02-24
372,Así nació Cataluña,AA. VV.,F6737BCD80ABC57BC4EFFD73206BD425564D25B4,2021-02-24
373,En el lugar más oscuro,Mario Escobar,394962346C48EF87288D9767F8659A7FE0560812,2021-02-24
374,Hillock Park,Jane Kelder,344E3D30361B68E262D5476FE33ADC8B7A8FA34F,2021-02-24
375,Los suplicios capitales en Grecia y Roma,Eva Cantarella,4C09D480DE30B6AAFC7A9C5652FBFC32FCC0DE2A,2021-02-24
376,36 preguntas para enamorarte de mí,Vicki Grant,24DC27BFC108C02180B15DE151E96CABF32AA86C,2021-02-24
377,El corazón de una Bridgerton,Julia Quinn,034AA173B50CAEFC6260B29FB470A1A76C65DE5D,2021-02-24
378,"A sir Phillip, con amor",Julia Quinn,780BC20EBD56013088C85709CE8862AC343057D1,2021-02-24
379,Seduciendo a Mr. Bridgerton,Julia Quinn,8663E513A9F833D8E58F024932D363C87EAB4329,2021-02-24
380,Yatsuhaka-Mura: El pueblo de las ocho tumbas,Seishi Yokomizo,632C470D280CA712CF39F98EE5F956C516201FF1,2021-02-24
381,Alfil Negro,Fran Barrero,BF5D7BFCDEEC8FE646907DF660CD5C0195A553B6,2021-02-24
382,La fórmula Terradas,Daniel Jerez Torns,34F43F7BE4D36FA31C2ED4BF1872C5BE2B1BB00E,2021-02-24
383,El silencio de las ruinas,Daniel Jerez Torns,0D859495114D5A09B69C30AF759F15EF3E78F58E,2021-02-24
384,La primavera del Frente Popular,Francisco Espinosa Maestre,75A14D5F4487341D9B2E9C0CFAB0B48147E1C565,2021-02-24
385,La arquilla de oro,E. Phillips Oppenheim,65AFB56DA25E28B64F5617FA9BF4EC13C0BF6464,2021-02-24
386,Voto de silencio,Susan Hill,5450B8ECBC0CD8EF061EABC10615C48C6EB24327,2021-02-24
387,Camaradas,Robert Service,9596D8647E0B07F3A1B0B0BA5E34D9FE4581E01F,2021-02-24
388,La ideología de género,Jorge Scala,93DA75160BC5678AA28B7BAA2F8024D7498ABDF3,2021-02-24
389,Wasabi,Alan Pauls,15801B63BEB0018E61E1471CF28136550B87A05A,2021-02-24
390,El beso de la muerte,Daniel Jerez Torns,D075C59E3BCF00AFBEC5E508E2D8BB70D9A72E12,2021-02-23
391,El arcabucero nº 61,Daniel Jerez Torns,7B13C05FC17F6CCDB1E143E74B06BC78AE541595,2021-02-23
392,Galaxias enemigas,Curtis Garland,FE17EA0559A7C79E87FA7A4FC0C6FA377C540D93,2021-02-23
393,Aguas oscuras,Claudia Gray,8BFF12880188E60FE5E805B3911B6581A8BB1B83,2021-02-23
394,Uno de los nuestros,Robert Dugoni,0B0034D83C49837F757017DB3982E7A54E15AC9A,2021-02-23
395,Cordero,Christopher Moore,F8A9DB1B5B7B48564CD132CDC98195E90508D3E8,2021-02-23
396,El sol camina hacia el Oeste & Sangre en la cuenca del Amarillo,José Mallorquí,884ED091A7A30A88C8ECBECC2FBFEB0B769C8EBD,2021-02-23
397,El inocente,Michael Connelly,0CD480AF4071170A8A2A5D7E11C315678C166A8F,2021-02-23
398,Objetivo vivir,Lou Carrigan,AE5064D6D618FE94FDA50E4D92A1E4DAAD5F25D4,2021-02-23
399,Casi culpables,Jeffrey Archer,BAB62B7B1E11C0C8E1E27839D9653CD496E902E9,2021-02-23
400,Casanova,Stefan Zweig,30B89209A3667FCF8CD833EF691AD87634BA3D12,2021-02-23
401,Al-Andalus contra España,Serafín Fanjul,27C45691BC12192E27A7BE62BB442DF80AB092CE,2021-02-23
402,Al-Andalus,Ángel Luis Vera Aranda,AEB0C0D778FB4E3DE166DA06C67810833DA81519,2021-02-23
403,Todo en vano,Walter Kempowski,P4KUQERJBAE6XZHR6UNF7DTTRJL6PHEL,2021-02-23
406,Mirando al sol,Julian Barnes,9FBA7015D3E97AC939B982036F4EF9BEDBEFD279,2021-02-23
407,El libro de la reina,James Gollin,84AFC92311D39F0F2B2DF7562CF943E797082971,2021-02-23
411,La máquina Génesis,James P. Hogan,0968BCC87B62E039AC90D5A0CFD340BDF8D369F0,2021-02-23
412,Barcelona negra,José Luis Muñoz,BB9807B669FF1581ED1C0D3DC0166E017783F4F9,2021-02-23
413,Mercurio,Bill Pronzini,D195CCEE77216FC4358FCDD29A8423E3CEAEF359,2021-02-23
414,El peligro de la oscuridad,Susan Hill,50D83CE2E9F377D9D7657ADD7DA6F4FDA87E2625,2021-02-23
415,Historia del franquismo,Luis Palacios Bañuelos,DEA66CC61E2937CAC800A59F5B0D3275398AF5E8,2021-02-23
416,McMafia,Misha Glenny,CF7D6ED551333F2392C643C0C6AE1E356FD0E754,2021-02-23
417,El libro de Fu-Manchú,Sax Rohmer,C5096D99ACF2AAC5A91780D255A7C9E9FBA870C1,2021-02-23
418,Damas asesinas,Tori Telfer,35A5509CE8B7C86DE9A871BE277FA5B148F29DE5,2021-02-23
419,Linda 67: historia de un crimen,Fernando del Paso,A2CD023C6B6969717CA52138269081E6AA063914,2021-02-22
420,Nido de espías,Simon Levack,C73187EC2E423F67D894DCE19A39CFBA31A9390D,2021-02-22
421,Herencias colaterales,Lluís Llort,5C49A1C81655E11099765E43DA070EB9D29504DD,2021-02-22
422,El astrónomo,Enrique Cintora,3F9DD03E98B7B8DA001FC3765396A09BD7973FD1,2021-02-22
423,¿Hay árboles en Guernica?,Juan Antonio de Blas,E91A9F45EA4CFD030B9B1253386F2A366759DDBB,2021-02-22
424,Confío en ti,Debbie Macomber,20C27AE9A788FFD0130A9231FADD7601381ECE90,2021-02-22
426,Última,L. S. Hilton,91F239DF8819D06C708D713B626A4ABE928D3772,2021-02-22
427,Dómina,L. S. Hilton,9ED49CC59116A56455B27E43AC7F449A425CC4A2,2021-02-22
428,Taxi a París,Ruth Gogoll,B34FE527F403612ACC000EB82783A4C1815E1E61,2021-02-22
429,Ya no quedan junglas adonde regresar,Carlos Augusto Casas,684FD057448C7F4BFC842F68CF397210ACBCB116,2021-02-22
430,El caso del retrato falso (ilustrado),Erle Stanley Gardner & Juan Buscón,179B2D70884334D709C116926A28903160B12606,2021-02-22
435,Los puros de corazón,Susan Hill,CF33F8D93F61BDCFE27959B0DF3DA5C13B0CFEAD,2021-02-22
436,No está loca,Corín Tellado,9A5FC498A07C16A80CA576A224E4F90D3D893231,2021-02-22
437,No creo en tu fidelidad,Corín Tellado,74B3A9110CBA20FE1A86117AA709C571F580AFCD,2021-02-22
438,Mi novia era una ingenua,Corín Tellado,B185ED56870BC5A12B9C68D4D532E11F4CD8A72A,2021-02-22
439,Me liberó la vida,Corín Tellado,EAAFE09BAC10A58F8CC1C86B7E3A310AF14E364F,2021-02-22
440,Luces y sombras,Corín Tellado,BA4C67410ADC6ABCC2D8D0CD3F1313CBBB6FD20A,2021-02-22
441,Es que no lo deseas,Corín Tellado,F81457478B66238094537A660AD306761D64F226,2021-02-22
442,El legado,Reed Arvin,E1824F432B159E468EE4D3B0D2664F047E20EA81,2021-02-22
443,No hay bestia tan feroz,Edward Bunker,82E6E701116D6BAF19580E394653F10574E29CEA,2021-02-21
444,¡Terror en la Luna!,Hank Searls,8291E55563D02ABED0BC7050047F56C5A4F773BA,2021-02-21
445,Los Chasch,Jack Vance,1858D055D834ED2D286396829F6D7D35C3B67BE6,2021-02-21
446,Agua salada,Jessica Andrews,A4D57DABDDAE4ABCFB8079DA7B21EC628F77D4B9,2021-02-21
447,Metástasis McFly,Pedro J. Acuña,0469DBD47E908249BBB685135E433F6100342DF7,2021-02-21
448,Poirot en Egipto (Edición ilustrada),Agatha Christie,5BDE1D95017F8954448132AD7D1887FECDC93BDB,2021-02-21
449,Vientos de guerra,Steven Pressfield,ABC73DC700DD29A12922FAF1AA140033C48DB2D6,2021-02-21
450,Bajo las pirámides,H. P. Lovecraft,80275F10DBE4AB95CA582D9C3625ED831CB4ECFA,2021-02-21
451,Fulgor,Manel Loureiro,7BF32A040950584621573018D72E68280FC5FFBB,2021-02-21
452,Media guerra,Joe Abercrombie,A4BD707A845F9FB2E234AE3462C5CC152B709F0A,2021-02-21
453,Te daré la tierra,Chufo Lloréns,4585F2079D3024EFF517F64A04C3398312DE755C,2021-02-21
454,Retales del pasado,AA. VV. & Miguel Aceytuno Comas & Manuel Sánchez-Sevilla & Ricard Ibañez & María Pilar Queralt Del Hierro & Carolina Molina & Mado Martínez & José de Cora & Nerea Riesco & Magdalena Lasala & Ramón Muñoz & Javier Pellicer & Olalla García & Concepción Perea & Carlos Aurensanz & Sebastián Roa & Teo Palacios & Francisco Narla & Carla Montero Manglano & Javier Negrete,47B3FE11605EF0999F13E7DBBB097B4839CF1929,2021-02-21
455,Las distintas guaridas de los hombres,Susan Hill,93B9BD7D0C63BF89F2992A84B478B1D6C594C8C1,2021-02-21
456,Presa,Charles Terry Cline,816C4871F368ED428A6E6601403875031F7D6EB5,2021-02-21
457,8 millones de maneras de morir (trad. 1986),Lawrence Block,906BBAD141386A50BEC03AE80CE1CE979BD7C936,2021-02-20
458,Asesinato en el Lady Virginia,Amy Andersen,63C885250AD7F4721C3FF13D72919223B9E6D84F,2021-02-20
459,El mentiroso,Mikel Santiago,80E0A78BDB348AF24014F0C8E6A101FAD181BC36,2021-02-20
460,"Guampeteros, fomas & granfalunes",Kurt Vonnegut,5654F3A94953F79612485A251DD0079A6132EBA9,2021-02-20
461,Las verdes colinas de África,Ernest Hemingway,11D95A4F5E39A4790EBB3903CD1D900FBF01716E,2021-02-20
462,España y la OTAN,Antonio Marquina & Tomás Mestre,D308035FFC4CB73017F5D8756DFD1D39E9EABCC8,2021-02-20
463,Perros de paja,Gordon Williams,92DDD7B91A61C6DE53167847EB96C49EE369AA82,2021-02-20
464,La cuarta alianza,Gonzalo Giner,BAA2519F3D549753B6951AFB06F1829283F317B7,2021-02-20
465,A la conquista de los apaches,José Luis Olaizola,0D77694B9719D74D1CA43598B95FBCFE8D7B7C8F,2021-02-20
466,Hitler al poder,AA. VV.,B58CECBA364DF69DB9C3A21D54D0C5159C135518,2021-02-20
467,El castillo alto,Stanislaw Lem,33BF95480BC86B8683100D25B23837B21BC04923,2021-02-20
468,Los falsos peregrinos,Nicholas Wilcox,5CA88CCF85477A3EE3CC51038A6CEAB283E729EF,2021-02-20
470,El diamante de Moonfleet,John Meade Falkner,DC127E7C03174CC7D8541D6903DFED5F1383D04E,2021-02-20
471,Ángeles y demonios,Dan Brown,E768FEB68E07DA081BC73C9C42348B7F884677EE,2021-02-20
472,El sanador de caballos,Gonzalo Giner,702D1CAE76D418816006611791579337E4460D70,2021-02-20
473,Último testigo,Jilliane Hoffman,C72E0D0622DD909117222ED59A7BF03AC2D8117C,2021-02-20
474,"Berlín, 1945",Pierre Frei,876E66A902488A07049DB93A8A0E4A42C7E33F2D,2021-02-20
475,Un asesino contratado,William P. McGivern,EC4300B722680046E1912DF1B2FF28A7002E9F9C,2021-02-20
476,La inquietud de mi hijo,Corín Tellado,BD61C717D7DCF29486266B104574ACA3B14736BE,2021-02-20
477,Estamos tan solos…,Corín Tellado,DD708EF1EF0958275E0B4A512C469FA8848F8E21,2021-02-20
478,Deseo prohibido,Corín Tellado,291AAE6872D0F615884BCA3C74EBF66951242F93,2021-02-20
479,Creo ser un buen hombre,Corín Tellado,448EB576CC38492D52637F37062A311A4C4C6D6D,2021-02-20
480,Máscaras de muerte,Jim Butcher,C57D28656DE739E4F9306F54046D459FCFAD2428,2021-02-19
481,El otro,Thomas Tryon,9A79CCFACE74E358D2C202A34C0E68D5E02F20C7,2021-02-19
482,Montaigne. La conciencia crítica del Renacimiento,Nicola Panichi,D640926C0CB2B6042C24EAA4AF4BCD9EBF6507FA,2021-02-19
483,Foucault y Derrida. Pensamiento francés contemporáneo,Miguel Morey,3B9152C513AC39DEB4855C29CABA5B1ECD205A0A,2021-02-19
484,Las siete cucas,Eugenio Noel,CAF1F224D23A6D9CC4F1587C426BFCCC6A253B75,2021-02-19
485,Abismo,Leopoldo María Panero,5CCFC67BDA15D5F2F2197C2199578C7D8BA55D84,2021-02-19
486,"Agonía, traición, huida",José Luis Rodríguez Jiménez,EA227C0E3F013CBFF636DE842141A4EC26711E6E,2021-02-19
487,Caos planificado,Ludwig von Mises,8A44FF324BC47F2201DE5F9E8B21E9EA4306F617,2021-02-19
490,Madrid Verde,Jesús Izco,AE268B4C2225D44EE70B2EE424137D07E781E95C,2021-02-19
491,El rey malvado,Holly Black,0D60AD3215D185E398CF30000C2DB43C22AEA137,2021-02-19
493,Los apostólicos,Benito Pérez Galdós,48DFE831D0A20208A4573816A8EB41E2120FC627,2021-02-19
497,Artefacto,Gregory Benford,294531D8DF9A5AB5E55AD66D6DC1991B5A50F9E4,2021-02-19
498,El capitalismo liberado,Andrew Bernstein,7A9CDB54CDDC5E001AC37338356FA75646B1FB95,2021-02-19
499,Una vez atraído,Blake Pierce,298372788A2BDD98FAF12FDECFCCA8A8EC64C14A,2021-02-19
500,Castigo,Jilliane Hoffman,D407D489D95951EE717321EB701174C212B69089,2021-02-19
501,Sherlock Holmes a través del tiempo y el espacio,Isaac Asimov & Sterling E. Lanier & Barbara Williamson & James Powell & Mack Reynolds & Gene Wolfe & Fred Saberhagen & Sharon N. Farber & Anne Lear & Gordon R. Dickson & Poul Anderson & Philip José Farmer & Arthur Conan Doyle,36E73AFCBD264AC108E6E2C462E4C6E210A83575,2021-02-19
502,Una vez anhelado,Blake Pierce,1779B7C28FE87C81B4CBCE0BE86CC54C4C9346B5,2021-02-19
503,Cartas de África,Isak Dinesen,A90E9FF5A8013BDAE6C75E3E8907A322EB1A1947,2021-02-19
